City_ID,City,Country,Date,Lat,Lng,Max Temp,Humidity,Cloudiness,Wind Speed
0,Punta Arenas,CL,2021-06-15 01:18:27,-53.15,-70.9167,30.31,80,0,5.75
1,Rocha,UY,2021-06-15 01:14:26,-34.4833,-54.3333,53.82,82,100,10.22
2,Sept-Iles,CA,2021-06-15 01:18:27,50.2001,-66.3821,47.05,94,90,7.0
3,Gunjur,GM,2021-06-15 01:18:27,13.2019,-16.7339,78.87,94,40,10.36
4,Tuktoyaktuk,CA,2021-06-15 01:18:28,69.4541,-133.0374,53.6,58,75,11.5
5,Hithadhoo,MV,2021-06-15 01:18:28,-0.6,73.0833,82.27,75,78,8.08
6,Fort-Shevchenko,KZ,2021-06-15 01:18:28,44.5086,50.263,72.93,81,0,3.02
7,Khatanga,RU,2021-06-15 01:18:29,71.9667,102.5,52.56,65,26,8.25
8,Rikitea,PF,2021-06-15 01:18:29,-23.1203,-134.9692,75.06,81,100,12.41
9,Bilibino,RU,2021-06-15 01:18:29,68.0546,166.4372,66.4,33,53,6.13
10,Atuona,PF,2021-06-15 01:18:30,-9.8,-139.0333,79.7,75,17,20.13
11,Oropesa,PE,2021-06-15 01:18:30,-13.5928,-71.7719,53.46,54,29,2.3
12,Albany,US,2021-06-15 01:15:35,42.6001,-73.9662,64.38,92,94,4.03
13,Mahebourg,MU,2021-06-15 01:18:31,-20.4081,57.7,70.25,94,40,6.91
14,Avarua,CK,2021-06-15 01:18:31,-21.2078,-159.775,77.05,78,75,9.22
15,Georgetown,MY,2021-06-15 01:18:14,5.4112,100.3354,82.89,83,20,3.44
16,Vaini,TO,2021-06-15 01:18:31,-21.2,-175.2,78.96,78,75,11.5
17,Cape Town,ZA,2021-06-15 01:17:04,-33.9258,18.4232,58.12,88,88,2.3
18,Havre-Saint-Pierre,CA,2021-06-15 01:18:32,50.2334,-63.5986,50.36,66,90,8.05
19,Axim,GH,2021-06-15 01:15:01,4.8699,-2.2405,77.99,88,99,6.69
20,Mataura,NZ,2021-06-15 01:18:32,-46.1927,168.8643,50.49,97,100,0.4
21,Moindou,NC,2021-06-15 01:18:33,-21.6924,165.677,71.55,78,87,13.62
22,Vuktyl,RU,2021-06-15 01:18:33,63.8567,57.3094,60.24,93,94,8.84
23,Bluff,NZ,2021-06-15 01:18:33,-46.6,168.3333,50.81,93,100,12.1
24,Yantal,RU,2021-06-15 01:18:34,56.8471,105.2542,45.52,97,100,3.31
25,Hasaki,JP,2021-06-15 01:18:34,35.7333,140.8333,82.29,69,2,5.82
26,Padang,ID,2021-06-15 01:18:34,-0.9492,100.3543,78.85,77,68,1.79
27,Jamestown,US,2021-06-15 01:17:20,42.097,-79.2353,64.04,72,20,10.36
28,Chuy,UY,2021-06-15 01:18:35,-33.6971,-53.4616,53.38,95,36,8.84
29,Espumoso,BR,2021-06-15 01:18:35,-28.7247,-52.8497,55.89,85,3,2.28
30,Port-Gentil,GA,2021-06-15 01:18:36,-0.7193,8.7815,77.72,86,81,10.0
31,Bambous Virieux,MU,2021-06-15 01:18:36,-20.3428,57.7575,70.21,94,40,6.91
32,Murray Bridge,AU,2021-06-15 01:16:01,-35.1167,139.2667,63.48,60,90,10.98
33,Coquimbo,CL,2021-06-15 01:18:37,-29.9533,-71.3436,51.53,81,75,3.44
34,Ushuaia,AR,2021-06-15 01:18:37,-54.8,-68.3,37.06,87,40,19.57
35,Ahipara,NZ,2021-06-15 01:18:37,-35.1667,173.1667,61.95,84,100,6.64
36,New Norfolk,AU,2021-06-15 01:18:38,-42.7826,147.0587,54.57,86,100,1.34
37,Castro,BR,2021-06-15 01:18:38,-24.7911,-50.0119,49.48,84,0,1.41
38,Chokurdakh,RU,2021-06-15 01:18:38,70.6333,147.9167,53.15,57,100,5.99
39,Tasiilaq,GL,2021-06-15 01:18:39,65.6145,-37.6368,39.36,76,2,4.63
40,San Javier,ES,2021-06-15 01:18:39,37.8063,-0.8374,76.03,51,85,6.91
41,Tuatapere,NZ,2021-06-15 01:18:40,-46.1333,167.6833,50.83,97,100,2.89
42,Mar Del Plata,AR,2021-06-15 01:14:40,-38.0023,-57.5575,47.08,87,20,1.01
43,Husavik,IS,2021-06-15 01:18:40,66.0449,-17.3389,30.11,76,89,3.27
44,Fortuna,US,2021-06-15 01:18:41,40.5982,-124.1573,71.47,68,75,1.99
45,Grand Gaube,MU,2021-06-15 01:18:41,-20.0064,57.6608,70.38,80,13,1.99
46,Abu Samrah,SY,2021-06-15 01:18:41,35.3029,37.1841,65.12,77,0,11.21
47,Puerto Ayora,EC,2021-06-15 01:18:42,-0.7393,-90.3518,73.54,87,100,5.01
48,Port Alfred,ZA,2021-06-15 01:18:42,-33.5906,26.891,60.82,88,64,10.92
49,Tomiya,JP,2021-06-15 01:18:42,38.3931,140.8861,75.78,63,97,5.41
50,Thompson,CA,2021-06-15 01:18:43,55.7435,-97.8558,64.56,59,75,2.3
51,Terrace Bay,CA,2021-06-15 01:18:43,48.7834,-87.1,62.22,72,100,7.23
52,Busselton,AU,2021-06-15 01:18:43,-33.65,115.3333,54.09,74,3,12.21
53,Qaanaaq,GL,2021-06-15 01:14:36,77.484,-69.3632,32.2,83,95,5.28
54,Lavrentiya,RU,2021-06-15 01:18:44,65.5833,-171.0,35.8,99,100,5.86
55,Hermanus,ZA,2021-06-15 01:18:44,-34.4187,19.2345,57.9,83,0,5.66
56,Touros,BR,2021-06-15 01:18:44,-5.1989,-35.4608,77.9,84,13,12.17
57,Vilyuysk,RU,2021-06-15 01:18:45,63.7553,121.6247,68.16,46,10,7.14
58,Kazerun,IR,2021-06-15 01:18:45,29.6195,51.6541,82.65,14,0,4.68
59,Baicheng,CN,2021-06-15 01:18:45,45.6167,122.8167,76.68,57,75,11.03
60,Bowling Green,US,2021-06-15 01:17:54,36.9903,-86.4436,84.13,59,1,6.91
61,Ribeira Grande,PT,2021-06-15 01:18:46,38.5167,-28.7,68.85,81,12,5.41
62,Arraial Do Cabo,BR,2021-06-15 01:18:46,-22.9661,-42.0278,69.48,65,0,8.1
63,Hofn,IS,2021-06-15 01:18:47,64.2539,-15.2082,37.85,96,100,6.22
64,Nuuk,GL,2021-06-15 01:18:47,64.1835,-51.7216,38.01,87,90,8.05
65,Namibe,AO,2021-06-15 01:18:47,-15.1961,12.1522,69.78,67,0,4.7
66,Kedrovyy,RU,2021-06-15 01:18:48,56.1667,91.8167,57.61,53,19,4.36
67,Kalmunai,LK,2021-06-15 01:18:48,7.4167,81.8167,78.87,72,96,3.02
68,Pombas,CV,2021-06-15 01:18:48,17.1503,-25.0201,74.98,71,95,7.27
69,Vigrestad,NO,2021-06-15 01:18:49,58.5667,5.7,53.01,81,20,20.58
70,Kloulklubed,PW,2021-06-15 01:18:49,7.0419,134.2556,77.5,77,79,9.4
71,Luderitz,NA,2021-06-15 01:18:49,-26.6481,15.1594,61.12,67,100,4.38
72,Nouadhibou,MR,2021-06-15 01:18:50,20.931,-17.0347,71.58,73,0,21.85
73,Loganville,US,2021-06-15 01:18:50,33.839,-83.9007,85.6,88,1,5.75
74,Suntar,RU,2021-06-15 01:18:50,62.1444,117.6319,69.13,43,18,5.26
75,Ngara,TZ,2021-06-15 01:18:51,-2.5122,30.6558,54.68,82,99,2.44
76,Sulangan,PH,2021-06-15 01:18:51,11.1373,123.7228,83.77,76,100,9.89
77,Norman Wells,CA,2021-06-15 01:18:51,65.282,-126.8329,62.64,55,40,8.05
78,Buchanan,LR,2021-06-15 01:18:52,5.8808,-10.0467,76.96,85,78,6.87
79,Bengkulu,ID,2021-06-15 01:18:52,-3.8004,102.2655,79.14,78,88,3.89
80,Nikolskoye,RU,2021-06-15 01:18:52,59.7035,30.7861,56.8,70,13,7.11
81,Sao Joao Del Rei,BR,2021-06-15 01:18:53,-21.1356,-44.2617,51.49,94,0,4.25
82,Butaritari,KI,2021-06-15 01:18:53,3.0707,172.7902,83.71,76,7,16.6
83,East London,ZA,2021-06-15 01:18:53,-33.0153,27.9116,62.55,83,100,13.24
84,Batagay-Alyta,RU,2021-06-15 01:18:54,67.8006,130.4114,59.2,40,52,11.01
85,Iqaluit,CA,2021-06-15 01:18:54,63.7506,-68.5145,38.93,69,90,4.0
86,Kununurra,AU,2021-06-15 01:18:54,-15.7667,128.7333,78.78,38,81,3.44
87,Berlevag,NO,2021-06-15 01:18:55,70.8578,29.0864,43.32,79,100,4.52
88,Linjiang,CN,2021-06-15 01:18:55,41.8069,126.9078,70.27,78,100,1.54
89,Cabo San Lucas,MX,2021-06-15 01:18:55,22.8909,-109.9124,91.51,61,75,6.91
90,Cockburn Town,TC,2021-06-15 01:18:56,21.4612,-71.1419,80.47,85,60,20.71
91,Luba,GQ,2021-06-15 01:18:09,3.4568,8.5547,80.06,84,95,6.73
92,Nantucket,US,2021-06-15 01:18:56,41.2835,-70.0995,67.01,88,90,13.8
93,Upernavik,GL,2021-06-15 01:18:57,72.7868,-56.1549,33.85,94,99,8.77
94,Hobart,AU,2021-06-15 01:16:01,-42.8794,147.3294,54.91,93,75,2.3
95,Yellowknife,CA,2021-06-15 01:18:57,62.456,-114.3525,77.52,31,75,5.75
96,Zonguldak,TR,2021-06-15 01:18:57,41.25,31.8333,51.42,98,100,4.27
97,Oskaloosa,US,2021-06-15 01:18:58,41.2964,-92.6444,84.78,34,0,0.0
98,Longyearbyen,SJ,2021-06-15 01:18:58,78.2186,15.6401,33.64,69,75,11.5
99,Faanui,PF,2021-06-15 01:18:58,-16.4833,-151.75,80.35,79,65,17.85
100,Tacuati,PY,2021-06-15 01:18:59,-23.45,-56.5833,60.82,75,0,3.31
101,Adrar,MR,2021-06-15 01:18:59,20.5022,-10.0711,96.17,10,97,17.13
102,Saldanha,ZA,2021-06-15 01:18:59,-33.0117,17.9442,55.85,76,100,7.45
103,Yaguajay,CU,2021-06-15 01:19:00,22.3272,-79.2378,80.26,85,100,3.49
104,Goundam,ML,2021-06-15 01:19:00,16.4145,-3.6708,91.08,29,90,7.43
105,Jega,NG,2021-06-15 01:19:01,12.2175,4.3792,86.25,56,9,12.39
106,Saint-Augustin,CA,2021-06-15 01:14:02,51.226,-58.6502,48.67,78,100,7.92
107,Hamilton,US,2021-06-15 01:15:00,39.1834,-84.5333,78.24,55,1,9.22
108,Hambantota,LK,2021-06-15 01:19:01,6.1241,81.1185,79.88,82,55,16.51
109,Lebu,CL,2021-06-15 01:19:02,-37.6167,-73.65,46.06,73,78,16.6
110,Luanda,AO,2021-06-15 01:19:02,-8.8368,13.2343,73.4,94,20,2.3
111,Kapaa,US,2021-06-15 01:19:02,22.0752,-159.319,84.18,73,1,3.0
112,Port Elizabeth,ZA,2021-06-15 01:17:08,-33.918,25.5701,55.69,100,40,2.3
113,Fairbanks,US,2021-06-15 01:15:40,64.8378,-147.7164,81.61,29,1,1.01
114,Juterbog,DE,2021-06-15 01:19:04,51.9833,13.0833,68.58,79,100,6.13
115,Nalut,LY,2021-06-15 01:19:05,30.3333,10.85,77.5,21,80,9.55
116,Salalah,OM,2021-06-15 01:19:05,17.0151,54.0924,82.49,89,40,5.75
117,Hilo,US,2021-06-15 01:19:05,19.7297,-155.09,80.33,75,75,10.36
118,Bethel,US,2021-06-15 01:19:06,41.3712,-73.414,66.67,85,90,6.91
119,Barrow,US,2021-06-15 01:16:02,71.2906,-156.7887,39.22,93,90,11.5
120,Belmonte,BR,2021-06-15 01:19:06,-15.8631,-38.8828,70.3,69,99,12.19
121,Samfya,ZM,2021-06-15 01:19:07,-11.3649,29.5565,52.83,60,14,6.15
122,Khani,GE,2021-06-15 01:19:07,41.9563,42.9566,58.57,92,100,2.39
123,Mataram,ID,2021-06-15 01:19:07,-8.5833,116.1167,83.21,76,100,4.32
124,Brazzaville,CG,2021-06-15 01:19:08,-4.2658,15.2832,76.28,49,95,0.92
125,San Vicente,AR,2021-06-15 01:19:08,-26.6167,-54.1333,52.61,87,1,2.19
126,Nipawin,CA,2021-06-15 01:19:08,53.3668,-104.0009,80.64,39,1,11.5
127,Norsup,VU,2021-06-15 01:19:09,-16.0667,167.3833,82.62,74,40,9.22
128,Shache,CN,2021-06-15 01:19:09,38.4167,77.2406,65.28,50,99,17.9
129,Mutis,CO,2021-06-15 01:19:10,6.2262,-77.4044,77.34,88,100,1.77
130,Mount Gambier,AU,2021-06-15 01:19:10,-37.8333,140.7667,55.87,70,99,10.56
131,Nabire,ID,2021-06-15 01:19:10,-3.3667,135.4833,83.93,68,79,1.7
132,Forestville,US,2021-06-15 01:19:10,38.8451,-76.875,79.83,79,1,6.91
133,Babu,CN,2021-06-15 01:19:11,24.4167,111.5167,84.15,76,96,5.5
134,Kumluca,TR,2021-06-15 01:19:11,36.3703,30.2869,68.81,78,0,2.77
135,Merauke,ID,2021-06-15 01:19:11,-8.4667,140.3333,82.26,75,86,9.48
136,Saint-Philippe,RE,2021-06-15 01:19:12,-21.3585,55.7679,71.15,73,62,7.49
137,Constitucion,CL,2021-06-15 01:19:12,-35.3333,-72.4167,50.47,68,100,5.03
138,Kaitangata,NZ,2021-06-15 01:19:13,-46.2817,169.8464,50.36,95,100,2.89
139,Ercis,TR,2021-06-15 01:19:13,39.0287,43.3586,60.4,44,23,3.09
140,Severo-Kurilsk,RU,2021-06-15 01:19:13,50.6789,156.125,48.29,82,1,3.76
141,Cherskiy,RU,2021-06-15 01:19:14,68.75,161.3,62.89,35,97,8.14
142,Tomatlan,MX,2021-06-15 01:19:14,19.9333,-105.25,83.37,71,77,4.29
143,Severo-Yeniseyskiy,RU,2021-06-15 01:19:15,60.3725,93.0408,56.61,47,16,2.86
144,Dingle,PH,2021-06-15 01:19:15,10.9995,122.6711,83.8,74,95,6.42
145,Pecos,US,2021-06-15 01:14:39,31.4229,-103.4932,91.81,33,1,23.02
146,Warri,NG,2021-06-15 01:19:16,5.5167,5.75,76.37,93,89,2.84
147,Gorno-Altaysk,RU,2021-06-15 01:19:16,51.9561,85.955,55.89,84,26,1.63
148,Nome,US,2021-06-15 01:19:16,64.5011,-165.4064,48.16,93,90,18.41
149,Isangel,VU,2021-06-15 01:19:17,-19.55,169.2667,84.31,74,75,4.61
150,Carnarvon,AU,2021-06-15 01:19:17,-24.8667,113.6333,59.07,65,1,13.8
151,Souillac,MU,2021-06-15 01:19:17,-20.5167,57.5167,70.36,94,40,6.91
152,Omboue,GA,2021-06-15 01:19:18,-1.5746,9.2618,75.69,93,73,4.38
153,Praia,CV,2021-06-15 01:19:18,14.9215,-23.5087,73.94,83,40,16.11
154,Itarema,BR,2021-06-15 01:19:19,-2.9248,-39.9167,79.21,78,59,12.24
155,Ostrovnoy,RU,2021-06-15 01:19:19,68.0531,39.5131,52.79,67,10,13.51
156,Malakal,SS,2021-06-15 01:19:19,9.5334,31.6605,72.54,84,100,3.96
157,Bredasdorp,ZA,2021-06-15 01:19:20,-34.5322,20.0403,52.92,94,1,3.44
158,Altay,CN,2021-06-15 01:19:20,47.8667,88.1167,57.13,55,3,1.41
159,Kaka,TM,2021-06-15 01:19:21,37.3482,59.6143,77.95,23,0,3.29
160,Saint George,US,2021-06-15 01:19:21,37.1041,-113.5841,108.07,6,1,3.0
161,Hastinapur,IN,2021-06-15 01:19:21,29.1667,78.0167,83.17,68,0,3.29
162,Kavieng,PG,2021-06-15 01:19:22,-2.5744,150.7967,84.79,69,13,10.67
163,Pochutla,MX,2021-06-15 01:19:22,15.7432,-96.4661,74.82,90,100,2.28
164,Riyadh,SA,2021-06-15 01:19:22,24.6877,46.7219,84.25,16,0,4.61
165,Vung Tau,VN,2021-06-15 01:19:23,10.346,107.0843,81.72,82,94,9.71
166,Sabha,LY,2021-06-15 01:19:23,27.0377,14.4283,77.74,25,0,10.27
167,Esperance,AU,2021-06-15 01:19:23,-33.8667,121.9,49.84,68,95,29.26
168,Olinda,BR,2021-06-15 01:19:23,-8.0089,-34.8553,73.13,88,75,10.36
169,Kongolo,CD,2021-06-15 01:19:24,-5.3833,27.0,69.31,52,98,2.55
170,Kaeo,NZ,2021-06-15 01:19:24,-35.1,173.7833,63.32,97,100,5.75
171,Tessalit,ML,2021-06-15 01:19:25,20.1986,1.0114,92.61,11,6,11.54
172,Naryan-Mar,RU,2021-06-15 01:19:25,67.6713,53.087,48.45,76,0,5.37
173,Chenghai,CN,2021-06-15 01:19:25,23.4632,116.768,85.91,74,40,4.47
174,Samarai,PG,2021-06-15 01:19:26,-10.6167,150.6667,81.63,79,33,11.86
175,Mezen,RU,2021-06-15 01:19:26,65.8522,44.24,53.06,57,23,7.45
176,Belaya Gora,RU,2021-06-15 01:19:27,68.5333,146.4167,64.49,44,31,3.22
177,College,US,2021-06-15 01:19:27,64.8569,-147.8028,81.59,29,20,8.05
178,Miramar,US,2021-06-15 01:19:27,25.9873,-80.2323,80.62,86,75,3.44
179,Keffi,NG,2021-06-15 01:19:28,8.8486,7.8736,80.98,87,59,1.9
180,Malartic,CA,2021-06-15 01:19:28,48.1335,-78.1328,62.71,60,96,8.66
181,Clyde River,CA,2021-06-15 01:19:28,70.4692,-68.5914,34.03,93,1,4.61
182,Torbay,CA,2021-06-15 01:19:29,47.6666,-52.7314,47.28,91,40,9.22
183,Khor,RU,2021-06-15 01:19:29,47.8861,134.9464,71.94,59,0,3.71
184,Port Hardy,CA,2021-06-15 01:15:17,50.6996,-127.4199,57.38,82,75,10.36
185,Eyl,SO,2021-06-15 01:19:30,7.9803,49.8164,77.95,71,100,19.77
186,Portland,US,2021-06-15 01:15:02,45.5234,-122.6762,74.08,67,75,1.01
187,Gat,IL,2021-06-15 01:19:30,31.61,34.7642,69.4,100,0,3.15
188,Roma,US,2021-06-15 01:19:31,43.2128,-75.4557,64.44,90,1,4.61
189,Bang Saphan,TH,2021-06-15 01:19:31,11.2126,99.5117,83.95,80,100,5.14
190,Hay River,CA,2021-06-15 01:17:55,60.8156,-115.7999,66.18,39,75,8.05
191,Victoria,HK,2021-06-15 01:18:23,22.2855,114.1577,88.32,77,53,1.99
192,Korla,CN,2021-06-15 01:19:32,41.7597,86.1469,65.41,38,0,2.01
193,Carutapera,BR,2021-06-15 01:19:32,-1.195,-46.02,75.27,93,100,6.17
194,Mozarlandia,BR,2021-06-15 01:19:32,-14.7447,-50.5706,76.23,62,97,5.53
195,Saint-Pierre,RE,2021-06-15 01:19:33,-21.3393,55.4781,71.24,90,90,19.57
196,Naze,JP,2021-06-15 01:19:33,28.3667,129.4833,79.72,81,100,10.74
197,Talnakh,RU,2021-06-15 01:19:33,69.4865,88.3972,48.63,82,20,11.18
198,Dzaoudzi,YT,2021-06-15 01:19:35,-12.7887,45.2699,76.89,73,0,10.36
199,Henties Bay,NA,2021-06-15 01:19:35,-22.116,14.2845,60.85,54,0,2.66
200,Arkhangelsk,RU,2021-06-15 01:19:35,64.5401,40.5433,53.71,71,0,2.24
201,Bandundu,CD,2021-06-15 01:19:36,-3.3167,17.3667,73.47,44,80,0.22
202,Guangyuan,CN,2021-06-15 01:19:36,32.442,105.823,72.52,93,100,3.6
203,San Rafael,AR,2021-06-15 01:19:36,-34.6177,-68.3301,43.29,36,69,4.83
204,San Cristobal,VE,2021-06-15 01:14:43,7.7669,-72.225,71.78,90,51,1.72
205,Kudahuvadhoo,MV,2021-06-15 01:19:37,2.6708,72.8944,82.74,72,19,9.95
206,Nara,JP,2021-06-15 01:19:37,34.6851,135.8049,79.97,56,100,1.61
207,Paracale,PH,2021-06-15 01:19:38,14.2804,122.7881,87.58,65,6,5.19
208,Bonnyville,CA,2021-06-15 01:14:51,54.2668,-110.735,79.99,67,0,12.12
209,Kodiak,US,2021-06-15 01:17:02,57.79,-152.4072,62.11,51,1,13.8
210,Nanortalik,GL,2021-06-15 01:19:38,60.1432,-45.2371,37.33,88,28,2.57
211,Tsiroanomandidy,MG,2021-06-15 01:19:38,-18.7667,46.0333,57.72,92,0,2.01
212,Alofi,NU,2021-06-15 01:19:39,-19.0595,-169.9187,78.69,73,75,19.57
213,Bathsheba,BB,2021-06-15 01:19:39,13.2167,-59.5167,81.21,69,20,21.85
214,Bassano,CA,2021-06-15 01:19:39,50.7834,-112.4685,96.03,29,10,17.05
215,Magadan,RU,2021-06-15 01:19:40,59.5667,150.8,50.29,74,9,11.03
216,Dennery,LC,2021-06-15 01:19:40,13.8996,-60.8879,80.69,78,20,23.02
217,Gazanjyk,TM,2021-06-15 01:19:41,39.2446,55.5154,76.14,65,0,4.38
218,Muros,ES,2021-06-15 01:19:41,42.7762,-9.0603,69.84,80,3,9.06
219,Tuy Hoa,VN,2021-06-15 01:18:22,13.0833,109.3,86.23,60,95,10.0
220,Tecoanapa,MX,2021-06-15 01:19:41,16.5167,-98.75,81.5,78,100,5.3
221,Espanola,US,2021-06-15 01:16:01,35.9911,-106.0806,94.64,8,36,11.12
222,Sitka,US,2021-06-15 01:15:12,57.0531,-135.33,60.69,63,75,0.0
223,San Quintin,MX,2021-06-15 01:19:42,30.4833,-115.95,67.5,78,75,13.29
224,Paraiso,CR,2021-06-15 01:19:42,9.8383,-83.8656,65.41,97,90,2.17
225,Mao,ES,2021-06-15 01:19:43,39.8885,4.2658,72.16,64,0,9.22
226,Guerrero Negro,MX,2021-06-15 01:19:43,27.9769,-114.0611,67.68,75,100,15.57
227,Baculin,PH,2021-06-15 01:19:43,7.4525,126.5842,84.2,68,89,4.97
228,Sao Filipe,CV,2021-06-15 01:19:44,14.8961,-24.4956,73.31,79,78,1.52
229,Ust-Kuyga,RU,2021-06-15 01:19:44,70.0167,135.6,56.57,51,100,9.28
230,Ushtobe,KZ,2021-06-15 01:19:44,45.2514,77.9838,64.54,40,0,9.71
231,Sambalpur,IN,2021-06-15 01:19:45,21.45,83.9667,79.83,90,100,6.8
232,Port Augusta,AU,2021-06-15 01:19:45,-32.5,137.7667,60.71,61,6,13.0
233,Ilulissat,GL,2021-06-15 01:19:45,69.2167,-51.1,39.22,87,75,0.0
234,Kasempa,ZM,2021-06-15 01:19:46,-13.4584,25.8338,49.8,53,98,5.1
235,Port Lincoln,AU,2021-06-15 01:19:46,-34.7333,135.8667,58.8,78,99,12.75
236,Westport,US,2021-06-15 01:18:27,41.1415,-73.3579,68.92,87,1,1.99
237,Erseke,AL,2021-06-15 01:19:47,40.3378,20.6789,42.21,84,0,5.3
238,Jiwani,PK,2021-06-15 01:19:47,25.05,61.7417,83.07,86,100,9.46
239,Tiksi,RU,2021-06-15 01:19:47,71.6872,128.8694,42.33,88,100,20.85
240,Minyar,RU,2021-06-15 01:19:48,55.0709,57.5485,63.7,60,100,3.6
241,Aldan,RU,2021-06-15 01:19:48,58.6031,125.3894,54.12,79,100,3.85
242,Katsuura,JP,2021-06-15 01:19:48,35.1333,140.3,77.14,71,21,6.96
243,Coahuayana,MX,2021-06-15 01:19:49,18.7333,-103.6833,83.68,79,100,3.78
244,Airai,TL,2021-06-15 01:19:49,-8.9266,125.4092,69.89,57,75,2.33
245,Jibuti,DJ,2021-06-15 01:19:49,11.5,42.5,83.62,44,100,3.8
246,Dikson,RU,2021-06-15 01:19:50,73.5069,80.5464,39.78,92,1,13.35
247,Puerto Asis,CO,2021-06-15 01:19:50,0.5133,-76.5007,69.89,94,7,1.32
248,Narsaq,GL,2021-06-15 01:19:51,60.9167,-46.05,46.62,84,34,2.93
249,Pangkalanbuun,ID,2021-06-15 01:19:12,-2.6833,111.6167,82.09,74,29,3.58
250,Humboldt,US,2021-06-15 01:19:51,40.6665,-123.9178,62.67,60,58,6.93
251,El Real De Santa Maria,PA,2021-06-15 01:19:52,8.109,-77.7325,73.89,98,97,0.92
252,Mayumba,GA,2021-06-15 01:17:16,-3.432,10.6554,75.29,93,84,4.79
253,Ponta Do Sol,PT,2021-06-15 01:19:52,32.6667,-17.1,69.01,78,5,4.36
254,Hammerfest,NO,2021-06-15 01:19:52,70.6634,23.6821,43.25,75,0,3.44
255,Rawson,AR,2021-06-15 01:19:53,-43.3002,-65.1023,42.87,54,0,12.73
256,Bubaque,GW,2021-06-15 01:18:12,11.2833,-15.8333,80.58,80,100,9.22
257,Misratah,LY,2021-06-15 01:19:53,32.3754,15.0925,71.53,72,0,4.0
258,Shimoda,JP,2021-06-15 01:19:54,34.6667,138.95,75.56,73,34,7.61
259,Saskylakh,RU,2021-06-15 01:19:54,71.9167,114.0833,42.55,73,100,15.1
260,Grindavik,IS,2021-06-15 01:19:54,63.8424,-22.4338,41.47,65,40,5.75
261,Lar,IN,2021-06-15 01:19:55,26.2039,83.9717,80.37,89,90,5.35
262,Barra Dos Coqueiros,BR,2021-06-15 01:19:55,-10.9089,-37.0386,78.82,73,75,10.36
263,Itoman,JP,2021-06-15 01:19:55,26.1247,127.6694,80.62,89,75,10.36
264,Klaksvik,FO,2021-06-15 01:19:56,62.2266,-6.589,41.92,68,87,14.41
265,Solntsevo,RU,2021-06-15 01:19:56,51.4185,36.7499,57.54,93,13,5.14
266,Beringovskiy,RU,2021-06-15 01:19:56,63.05,179.3167,39.13,96,89,4.76
267,Santa Maria,BR,2021-06-15 01:19:57,-29.6842,-53.8069,57.61,89,0,1.63
268,Colquechaca,BO,2021-06-15 01:19:57,-18.6667,-66.0167,30.22,27,1,0.63
269,Geraldton,AU,2021-06-15 01:19:57,-28.7667,114.6,57.61,82,100,8.05
270,Yulara,AU,2021-06-15 01:19:58,-25.2406,130.9889,62.44,39,0,9.22
271,Ca Mau,VN,2021-06-15 01:19:58,9.1769,105.15,83.84,75,90,4.56
272,Cepu,ID,2021-06-15 01:19:59,-7.1475,111.5906,79.97,79,94,5.01
273,Acapulco,MX,2021-06-15 01:19:59,16.8634,-99.8901,84.02,74,75,6.91
274,Piacabucu,BR,2021-06-15 01:19:59,-10.4056,-36.4344,74.71,88,59,10.49
275,Yuzhnyy,RU,2021-06-15 01:20:00,53.2542,83.6936,59.38,67,0,4.47
276,Whyalla,AU,2021-06-15 01:20:00,-33.0333,137.5833,61.07,67,74,13.18
277,Flinders,AU,2021-06-15 01:20:00,-34.5833,150.8552,66.38,73,31,1.99
278,Anadyr,RU,2021-06-15 01:20:01,64.75,177.4833,50.5,66,20,8.95
279,Roslyakovo,RU,2021-06-15 01:20:01,69.043,33.1991,54.32,71,76,7.74
280,Binga,ZW,2021-06-15 01:20:01,-17.6203,27.3414,55.98,55,3,3.67
281,Sfantu Gheorghe,RO,2021-06-15 01:20:02,45.8667,25.7833,51.93,91,100,1.01
282,Rincon,US,2021-06-15 01:20:03,32.296,-81.2354,81.21,78,75,8.05
283,Pisco,PE,2021-06-15 01:20:03,-13.7,-76.2167,66.25,77,90,3.44
284,Dauriya,RU,2021-06-15 01:20:04,49.9333,116.8667,68.9,39,95,10.96
285,Avera,US,2021-06-15 01:20:04,33.194,-82.5271,82.06,75,100,5.88
286,Tazovskiy,RU,2021-06-15 01:20:05,67.4667,78.7,53.76,85,10,3.15
287,Bridlington,GB,2021-06-15 01:20:05,54.0831,-0.1919,51.85,82,12,8.12
288,Amapa,BR,2021-06-15 01:20:05,1.0,-52.0,71.91,97,100,1.86
289,The Valley,AI,2021-06-15 01:20:06,18.217,-63.0578,82.26,82,100,18.79
290,Charagua,BO,2021-06-15 01:20:06,-19.8,-63.2167,61.02,59,0,3.42
291,Harindanga,IN,2021-06-15 01:20:07,22.0383,88.3214,78.78,82,100,12.37
292,Makakilo City,US,2021-06-15 01:20:07,21.3469,-158.0858,84.52,45,1,11.5
293,Sidrolandia,BR,2021-06-15 01:20:07,-20.9319,-54.9614,59.79,70,0,6.24
294,Vila Franca Do Campo,PT,2021-06-15 01:20:08,37.7167,-25.4333,68.41,86,95,5.12
295,Arlit,NE,2021-06-15 01:20:09,18.7369,7.3853,88.39,13,0,10.42
296,Hirara,JP,2021-06-15 01:20:09,24.8,125.2833,88.07,79,75,17.27
297,Maracai,BR,2021-06-15 01:20:09,-22.6106,-50.6672,57.13,86,0,4.07
298,Praia Da Vitoria,PT,2021-06-15 01:20:10,38.7333,-27.0667,68.25,88,40,4.99
299,Atikokan,CA,2021-06-15 01:20:10,48.7555,-91.6216,60.75,68,100,6.76
300,Tarabuco,BO,2021-06-15 01:20:10,-19.1667,-64.9167,44.8,56,0,5.97
301,Asyut,EG,2021-06-15 01:20:11,27.181,31.1837,75.38,41,0,10.74
302,Terre Haute,US,2021-06-15 01:16:52,39.4667,-87.4139,77.27,33,1,8.05
303,Orlik,RU,2021-06-15 01:20:11,52.5178,99.825,39.65,81,100,4.61
304,Terney,RU,2021-06-15 01:20:12,45.0503,136.6092,58.01,77,28,6.93
305,Mahon,ES,2021-06-15 01:19:43,39.8885,4.2658,72.16,64,0,9.22
306,Mana,GF,2021-06-15 01:20:12,5.6592,-53.7767,77.94,87,44,6.22
307,Pevek,RU,2021-06-15 01:20:12,69.7008,170.3133,35.33,83,66,4.59
308,Poum,NC,2021-06-15 01:20:13,-20.2333,164.0167,75.33,80,100,14.65
309,Rizhao,CN,2021-06-15 01:20:13,35.4275,119.4553,67.69,96,100,16.93
310,Coihaique,CL,2021-06-15 01:20:13,-45.5752,-72.0662,30.15,93,0,0.0
311,Sinegorye,RU,2021-06-15 01:20:14,62.0788,150.477,61.92,47,100,8.41
312,Huilong,CN,2021-06-15 01:20:14,31.8111,121.655,80.98,99,100,7.87
313,Yudong,CN,2021-06-15 01:20:14,29.385,106.5194,86.59,80,100,1.54
314,Port Macquarie,AU,2021-06-15 01:19:58,-31.4333,152.9167,61.9,58,68,1.01
315,Ihosy,MG,2021-06-15 01:20:15,-22.4,46.1167,56.41,93,0,3.83
316,Eucaliptus,BO,2021-06-15 01:20:15,-17.5833,-67.5167,42.66,24,9,5.48
317,Kant,IN,2021-06-15 01:20:16,27.8,79.8,81.16,71,100,4.9
318,Shebekino,RU,2021-06-15 01:20:16,50.4097,36.9136,63.82,92,5,5.14
319,Gold Coast,AU,2021-06-15 01:20:17,-28.0,153.4333,62.19,89,90,6.91
320,Manta,EC,2021-06-15 01:20:17,-0.95,-80.7333,76.78,83,75,10.36
321,Kuminskiy,RU,2021-06-15 01:20:17,58.6667,66.5667,62.26,88,100,6.06
322,Richards Bay,ZA,2021-06-15 01:20:18,-28.783,32.0377,63.3,93,74,2.44
323,Port Blair,IN,2021-06-15 01:20:18,11.6667,92.75,82.9,80,99,20.07
324,San Patricio,US,2021-06-15 01:20:19,28.017,-97.5169,85.05,73,2,7.09
325,Zigong,CN,2021-06-15 01:20:19,29.3416,104.7769,80.1,85,94,1.48
326,Enshi,CN,2021-06-15 01:20:19,30.3,109.4833,82.33,78,100,1.81
327,Sabang,ID,2021-06-15 01:20:20,5.8933,95.3214,83.26,75,87,15.61
328,Pareora,NZ,2021-06-15 01:20:20,-44.4871,171.2132,54.16,76,100,8.08
329,Plouzane,FR,2021-06-15 01:20:20,48.3833,-4.6167,59.09,97,90,8.05
330,Svetlogorsk,BY,2021-06-15 01:20:21,52.6333,29.7333,56.64,93,2,3.67
331,Provideniya,RU,2021-06-15 01:20:21,64.3833,-173.3,37.51,75,90,8.95
332,Luau,AO,2021-06-15 01:20:22,-10.7073,22.2247,52.95,41,17,5.01
333,Cervo,ES,2021-06-15 01:20:22,43.6702,-7.4101,66.2,94,35,8.03
334,Lompoc,US,2021-06-15 01:20:22,34.6391,-120.4579,82.63,78,1,19.57
335,Caravelas,BR,2021-06-15 01:20:23,-17.7125,-39.2481,72.68,69,99,7.96
336,Asau,RO,2021-06-15 01:20:23,46.4333,26.4,58.39,85,100,4.54
337,Vila Velha,BR,2021-06-15 01:17:25,-20.3297,-40.2925,69.94,81,40,5.01
338,Paamiut,GL,2021-06-15 01:20:23,61.994,-49.6678,38.32,91,29,12.03
339,Filadelfia,US,2021-06-15 01:20:07,39.9523,-75.1638,73.65,86,90,1.99
340,Traverse City,US,2021-06-15 01:20:24,44.7631,-85.6206,68.74,76,0,5.32
341,Muroto,JP,2021-06-15 01:20:24,33.2833,134.15,77.04,79,100,5.55
342,Channel-Port Aux Basques,CA,2021-06-15 01:20:25,47.5702,-59.1367,48.18,83,100,10.04
343,Newport,GB,2021-06-15 01:16:38,51.5877,-2.9984,57.31,81,99,7.52
344,Half Moon Bay,US,2021-06-15 01:20:25,37.4636,-122.4286,78.04,56,1,17.27
345,Ulladulla,AU,2021-06-15 01:20:26,-35.35,150.4667,63.88,59,18,2.68
346,Banda Aceh,ID,2021-06-15 01:20:26,5.5577,95.3222,81.82,77,57,10.09
347,Viedma,AR,2021-06-15 01:20:26,-40.8135,-62.9967,42.44,64,6,7.49
348,Vanimo,PG,2021-06-15 01:20:26,-2.6741,141.3028,85.44,68,97,5.55
349,Kulhudhuffushi,MV,2021-06-15 01:20:27,6.6221,73.07,83.05,72,100,18.63
350,Cidreira,BR,2021-06-15 01:20:27,-30.1811,-50.2056,59.32,80,0,4.61
351,Hagere Selam,ET,2021-06-15 01:16:15,6.4833,38.5167,48.04,96,97,3.18
352,Komsomolskiy,UZ,2021-06-15 01:20:28,40.4272,71.7189,67.42,48,80,0.0
353,Codrington,AU,2021-06-15 01:20:28,-38.2667,141.9667,55.49,71,95,8.66
354,Elizabeth City,US,2021-06-15 01:20:28,36.2946,-76.2511,81.99,85,1,5.75
355,Urumqi,CN,2021-06-15 01:20:29,43.801,87.6005,65.35,26,0,2.24
356,Kushiro,JP,2021-06-15 01:16:17,42.975,144.3747,61.75,82,75,6.91
357,Isla Mujeres,MX,2021-06-15 01:20:29,21.2311,-86.731,77.16,83,100,10.09
358,Leningradskiy,RU,2021-06-15 01:20:29,69.3833,178.4167,34.52,97,100,3.0
359,Sakakah,SA,2021-06-15 01:20:30,29.9697,40.2064,81.97,31,0,12.03
360,Novyye Gorki,RU,2021-06-15 01:20:30,56.7253,41.0601,57.02,91,9,2.15
361,Cayenne,GF,2021-06-15 01:20:30,4.9333,-52.3333,82.09,83,75,4.0
362,Bubanza,BI,2021-06-15 01:20:31,-3.1167,29.4,68.0,88,100,2.46
363,Beidao,CN,2021-06-15 01:20:31,34.5686,105.8933,70.88,74,100,1.3
364,Khandbari,NP,2021-06-15 01:20:31,27.3747,87.2039,74.03,92,100,2.37
365,Vanavara,RU,2021-06-15 01:20:32,60.34,102.2797,52.2,62,95,6.49
366,Luklukan,PH,2021-06-15 01:20:32,14.3254,122.7124,87.01,66,7,5.93
367,Umm Lajj,SA,2021-06-15 01:20:32,25.0213,37.2685,81.01,75,0,11.14
368,Nata,PA,2021-06-15 01:20:33,8.3333,-80.5167,76.87,90,100,6.08
369,Aden,YE,2021-06-15 01:17:46,12.7794,45.0367,87.76,64,100,10.78
370,Soroti,UG,2021-06-15 01:20:33,1.7146,33.6111,62.74,87,95,2.8
371,Tukrah,LY,2021-06-15 01:20:33,32.5341,20.5791,70.63,84,3,3.65
372,Erzin,TR,2021-06-15 01:20:34,36.9559,36.2,71.01,88,22,0.78
373,Hengyang,CN,2021-06-15 01:20:34,26.8881,112.615,86.54,70,59,10.8
374,Conceicao Do Araguaia,BR,2021-06-15 01:20:34,-8.2578,-49.2647,78.93,83,0,3.44
375,Talcahuano,CL,2021-06-15 01:20:35,-36.7167,-73.1167,46.08,71,100,3.44
376,Jining,CN,2021-06-15 01:20:35,35.405,116.5814,85.17,62,0,10.42
377,Kushmurun,KZ,2021-06-15 01:20:35,52.4503,64.6311,69.78,42,5,4.76
378,Quelimane,MZ,2021-06-15 01:20:36,-17.8786,36.8883,62.55,94,75,3.44
379,Villafranca Di Verona,IT,2021-06-15 01:20:36,45.3524,10.8402,73.92,53,90,6.91
380,Mogadishu,SO,2021-06-15 01:20:36,2.0371,45.3438,78.19,83,100,17.47
381,Eureka,US,2021-06-15 01:20:37,40.8021,-124.1637,65.19,78,34,1.01
382,Bondo,CD,2021-06-15 01:20:37,3.8146,23.6866,67.35,99,86,0.89
383,Trinidad,BO,2021-06-15 01:20:37,-14.8333,-64.9,69.19,80,0,1.95
384,Yining,CN,2021-06-15 01:20:38,29.0361,114.5636,88.54,64,100,5.32
385,Campo Grande,BR,2021-06-15 01:17:11,-20.4428,-54.6464,58.55,88,0,3.44
386,Dalby,AU,2021-06-15 01:20:38,-27.1833,151.2667,67.98,71,4,1.01
387,Saint-Georges,GD,2021-06-15 01:20:39,12.0564,-61.7485,80.28,83,20,11.5
388,Polunochnoye,RU,2021-06-15 01:20:39,60.8697,60.4153,62.58,87,68,5.73
389,Ancud,CL,2021-06-15 01:20:39,-41.8697,-73.8203,41.43,81,0,9.62
390,Rock Springs,US,2021-06-15 01:20:40,41.5875,-109.2029,93.24,8,1,1.01
391,Matara,LK,2021-06-15 01:20:40,5.9485,80.5353,78.93,88,37,11.3
392,Bom Jesus,BR,2021-06-15 01:20:40,-9.0744,-44.3586,75.04,56,16,2.04
393,Villazon,BO,2021-06-15 01:20:41,-22.0866,-65.5942,43.38,18,7,5.21
394,Ponta Delgada,PT,2021-06-15 01:20:41,37.7333,-25.6667,68.72,83,20,8.05
395,Te Anau,NZ,2021-06-15 01:20:41,-45.4167,167.7167,48.52,98,100,2.08
396,Okato,NZ,2021-06-15 01:20:42,-39.2,173.8833,59.41,93,100,7.23
397,Porto Novo,BJ,2021-06-15 01:20:42,6.4965,2.6036,84.02,86,100,3.29
398,Price,US,2021-06-15 01:20:42,39.5994,-110.8107,97.86,4,1,10.36
399,Kahului,US,2021-06-15 01:20:43,20.8947,-156.47,84.97,64,40,23.02
400,Zemio,CF,2021-06-15 01:20:43,5.0314,25.1361,68.32,98,100,2.68
401,Kajaani,FI,2021-06-15 01:20:43,64.2273,27.7285,55.45,88,90,17.27
402,Northam,GB,2021-06-15 01:20:44,51.0333,-4.2167,54.01,91,100,5.95
403,Haines Junction,CA,2021-06-15 01:20:44,60.7522,-137.5108,64.35,45,100,10.36
404,Kuusamo,FI,2021-06-15 01:20:44,65.9667,29.1833,53.64,94,90,13.8
405,Misasi,TZ,2021-06-15 01:20:45,-3.0,33.0833,65.46,63,42,4.56
406,Ust-Omchug,RU,2021-06-15 01:20:45,61.15,149.6333,63.82,41,48,14.41
407,Moron,AR,2021-06-15 01:20:45,-34.6534,-58.6198,53.35,81,22,4.0
408,Acas,PE,2021-06-15 01:20:46,-10.4575,-77.3275,39.96,74,32,1.9
409,Pundaguitan,PH,2021-06-15 01:20:46,6.3711,126.1689,81.86,76,100,9.57
410,Baykit,RU,2021-06-15 01:20:46,61.67,96.37,55.49,51,100,2.06
411,Marsaxlokk,MT,2021-06-15 01:20:47,35.8419,14.5431,72.09,88,0,6.91
412,Mega,ET,2021-06-15 01:20:47,4.05,38.3,60.13,61,100,14.27
413,Sorland,NO,2021-06-15 01:20:48,67.667,12.6934,49.26,85,100,1.97
414,Diu,IN,2021-06-15 01:20:48,20.7141,70.9822,84.38,80,71,13.4
415,Igarka,RU,2021-06-15 01:20:48,67.4667,86.5833,54.07,85,100,18.25
416,Qasigiannguit,GL,2021-06-15 01:20:49,68.8193,-51.1922,39.45,83,100,3.85
417,Palmer,US,2021-06-15 01:20:49,42.1584,-72.3287,65.91,83,75,0.0
418,Sola,VU,2021-06-15 01:20:50,-13.8833,167.55,80.69,80,100,14.25
419,Brasileia,BR,2021-06-15 01:20:50,-11.0161,-68.7481,72.16,68,4,1.19
420,Ussuriysk,RU,2021-06-15 01:20:51,43.7986,131.9508,64.22,73,100,14.36
421,Tazmalt,DZ,2021-06-15 01:20:51,36.3868,4.3989,77.43,28,51,2.75
422,Wanning,CN,2021-06-15 01:20:52,18.8003,110.3967,85.77,68,45,11.25
423,Fort Dodge,US,2021-06-15 01:16:01,42.4975,-94.168,84.54,30,1,4.61
424,Seguin,US,2021-06-15 01:20:52,29.5688,-97.9647,92.59,51,1,6.91
425,Mahanje,TZ,2021-06-15 01:20:53,-9.9333,35.3333,50.85,80,6,2.77
426,Ulagan,RU,2021-06-15 01:20:53,50.6321,87.9563,49.68,74,11,1.16
427,Namatanai,PG,2021-06-15 01:20:53,-3.6667,152.4333,84.06,71,81,7.56
428,Nishihara,JP,2021-06-15 01:20:54,26.1842,127.7558,79.88,89,75,12.66
429,Kindersley,CA,2021-06-15 01:20:54,51.4668,-109.1682,89.62,31,20,26.46
430,Cairns,AU,2021-06-15 01:16:08,-16.9167,145.7667,83.1,74,40,2.3
431,Almaznyy,RU,2021-06-15 01:20:55,48.0448,40.045,57.34,77,27,3.87
432,Carballo,ES,2021-06-15 01:20:55,43.213,-8.691,68.76,95,53,4.63
433,Laguna,US,2021-06-15 01:20:55,38.421,-121.4238,88.45,27,1,8.01
434,Katangli,RU,2021-06-15 01:20:56,51.7102,143.2326,58.01,72,22,11.48
435,El Paso,US,2021-06-15 01:20:56,31.8001,-106.2005,100.69,13,20,8.05
436,Pouebo,NC,2021-06-15 01:20:56,-20.4,164.5667,77.49,70,93,3.38
437,Novomikhaylovskiy,RU,2021-06-15 01:20:57,44.2581,38.8578,66.72,91,53,6.96
438,Kilindoni,TZ,2021-06-15 01:20:57,-7.9139,39.6668,77.31,65,98,14.74
439,Nunspeet,NL,2021-06-15 01:20:58,52.3667,5.7667,62.89,83,100,5.73
440,Fagersta,SE,2021-06-15 01:20:58,60.0042,15.7932,54.19,91,6,6.22
441,Tiarei,PF,2021-06-15 01:20:58,-17.5333,-149.3333,82.42,79,7,19.8
442,Arnoldstein,AT,2021-06-15 01:20:59,46.5461,13.71,64.96,95,39,1.1
443,Okha,RU,2021-06-15 01:20:59,53.5739,142.9478,62.51,59,97,14.0
444,Acara,BR,2021-06-15 01:20:59,-1.9608,-48.1967,72.37,100,100,2.44
445,Waipawa,NZ,2021-06-15 01:21:00,-41.4122,175.5153,59.63,64,100,10.89
446,Abu Dhabi,AE,2021-06-15 01:19:17,24.4667,54.3667,89.62,62,0,4.61
447,Lata,PT,2021-06-15 01:21:00,40.1629,-8.3327,64.04,82,0,3.53
448,Antofagasta,CL,2021-06-15 01:21:01,-23.65,-70.4,58.28,70,100,4.21
449,Synya,RU,2021-06-15 01:21:01,65.3718,58.0387,54.3,88,100,9.17
450,Spornoye,RU,2021-06-15 01:21:01,50.8448,37.2913,62.62,92,8,6.76
451,Ratnagiri,IN,2021-06-15 01:21:02,16.9833,73.3,77.02,93,100,0.6
452,Mitu,CO,2021-06-15 01:21:02,1.1983,-70.1733,72.27,98,100,1.03
453,Qui Nhon,VN,2021-06-15 01:21:03,13.7667,109.2333,86.74,60,69,8.43
454,Stonehaven,GB,2021-06-15 01:21:03,56.9637,-2.2118,50.52,88,20,6.29
455,Bilma,NE,2021-06-15 01:21:03,18.6853,12.9164,87.57,14,0,6.42
456,Katherine,AU,2021-06-15 01:21:04,-14.4667,132.2667,82.72,44,0,3.44
457,Palm Coast,US,2021-06-15 01:18:30,29.585,-81.2078,76.06,82,1,3.44
458,Gimli,CA,2021-06-15 01:21:04,50.6336,-96.9907,76.42,49,5,6.91
459,Ilkal,IN,2021-06-15 01:21:05,15.9667,76.1333,72.75,84,100,19.48
460,Saint-Honore,CA,2021-06-15 01:21:05,48.5334,-71.0824,57.29,89,98,6.73
461,Kieta,PG,2021-06-15 01:21:05,-6.2167,155.6333,85.57,67,95,6.71
462,Parana,AR,2021-06-15 01:21:06,-31.732,-60.5238,55.56,81,0,13.24
463,Gurupa,BR,2021-06-15 01:21:06,-1.405,-51.64,73.11,98,85,2.73
464,Tateyama,JP,2021-06-15 01:21:06,34.9833,139.8667,77.05,71,9,1.74
465,Olafsvik,IS,2021-06-15 01:21:07,64.8945,-23.7142,39.76,64,5,15.59
466,Santa Rosa,PH,2021-06-15 01:20:28,14.3122,121.1114,90.09,70,12,5.23
467,Maniitsoq,GL,2021-06-15 01:21:07,65.4167,-52.9,37.11,89,100,13.91
468,Vallenar,CL,2021-06-15 01:21:08,-28.5708,-70.7581,57.4,67,50,1.83
469,Trelew,AR,2021-06-15 01:19:23,-43.249,-65.3051,41.02,54,0,9.01
470,Asilah,MA,2021-06-15 01:21:08,35.465,-6.0348,69.76,89,97,4.32
471,Sao Gabriel Da Cachoeira,BR,2021-06-15 01:21:08,-0.1303,-67.0892,73.09,94,100,1.05
472,Kasongo,CD,2021-06-15 01:21:09,-4.45,26.6667,70.34,68,97,2.64
473,Yar-Sale,RU,2021-06-15 01:21:09,66.8333,70.8333,66.2,71,24,10.36
474,Makushino,RU,2021-06-15 01:21:10,55.2103,67.2442,65.61,55,100,5.86
475,Alta Floresta,BR,2021-06-15 01:21:10,-9.8756,-56.0861,79.38,51,100,3.06
476,Singkang,MY,2021-06-15 01:21:10,2.1006,102.7994,80.49,84,66,0.94
477,Kirakira,SB,2021-06-15 01:21:11,-10.4544,161.9205,85.64,65,75,9.1
478,Quatre Cocos,MU,2021-06-15 01:21:11,-20.2078,57.7625,70.09,82,61,8.34
479,Caucaia,BR,2021-06-15 01:21:11,-3.7361,-38.6531,81.03,77,40,6.91
480,Yumen,CN,2021-06-15 01:21:12,40.2833,97.2,59.49,52,100,17.63
481,Mansa,IN,2021-06-15 01:21:12,29.9833,75.3833,91.9,44,0,2.3
482,Puerto Ayacucho,VE,2021-06-15 01:21:12,5.6639,-67.6236,75.52,91,100,3.04
483,Monrovia,LR,2021-06-15 01:21:13,6.3005,-10.7969,76.77,85,20,7.83
484,Gospic,HR,2021-06-15 01:21:13,44.5461,15.3747,58.69,85,0,4.94
485,Usinsk,RU,2021-06-15 01:21:13,65.9939,57.5281,51.78,83,100,16.26
486,Ambilobe,MG,2021-06-15 01:21:14,-13.2,49.05,67.96,95,36,3.09
487,Felanitx,ES,2021-06-15 01:21:14,39.4696,3.1483,75.96,56,3,2.06
488,Bani,DO,2021-06-15 01:21:14,18.2833,-70.3333,81.86,78,46,8.39
489,Qadirpur Ran,PK,2021-06-15 01:21:15,30.2924,71.6712,89.49,46,86,8.19
490,Meulaboh,ID,2021-06-15 01:21:15,4.1363,96.1285,77.85,87,88,4.65
491,Sur,OM,2021-06-15 01:21:15,22.5667,59.5289,90.72,44,30,7.78
492,Lisala,CD,2021-06-15 01:21:16,2.15,21.5167,71.46,85,15,1.07
493,Oistins,BB,2021-06-15 01:21:16,13.0667,-59.5333,80.69,69,20,21.85
494,Scarborough,GB,2021-06-15 01:21:16,54.2797,-0.4044,51.46,85,10,7.49
495,Bako,ET,2021-06-15 01:21:17,5.7833,36.5667,64.71,79,100,3.69
496,Dayong,CN,2021-06-15 01:21:17,25.0209,118.2898,89.28,69,100,3.11
497,Mahibadhoo,MV,2021-06-15 01:21:17,3.7833,72.9667,82.81,71,17,12.95
498,Verkhnevilyuysk,RU,2021-06-15 01:21:18,63.4453,120.3167,68.36,44,24,5.23
499,Umba,RU,2021-06-15 01:21:18,66.6871,34.3429,49.21,86,100,10.98
500,Camacha,PT,2021-06-15 01:21:18,33.0833,-16.3333,65.62,83,40,9.22
501,Mandalgovi,MN,2021-06-15 01:21:19,45.7625,106.2708,59.7,66,100,14.2
502,Faya,SA,2021-06-15 01:21:19,18.3851,42.4509,64.92,14,14,2.3
503,Auki,SB,2021-06-15 01:21:19,-8.7676,160.7034,84.61,69,27,3.69
504,Kungurtug,RU,2021-06-15 01:21:20,50.5994,97.5228,45.79,66,34,5.86
505,Terekli-Mekteb,RU,2021-06-15 01:21:20,44.1671,45.8698,70.23,70,100,4.12
506,Skibbereen,IE,2021-06-15 01:21:20,51.55,-9.2667,51.6,85,100,3.87
507,Porto Belo,BR,2021-06-15 01:21:21,-27.1578,-48.5531,65.16,85,2,6.29
508,Praya,CV,2021-06-15 01:19:18,14.9215,-23.5087,73.94,83,40,16.11
509,Christchurch,NZ,2021-06-15 01:16:54,-43.5333,172.6333,59.47,93,40,1.14
510,San Joaquin,US,2021-06-15 01:21:22,37.9333,-121.3011,85.78,33,1,18.41
511,Guanare,VE,2021-06-15 01:21:22,9.0418,-69.7421,82.42,78,2,2.3
512,Micheweni,TZ,2021-06-15 01:21:22,-4.9667,39.8333,74.75,73,98,12.68
513,Aosta,IT,2021-06-15 01:21:23,45.7667,7.4167,57.38,82,7,0.29
514,Itupiranga,BR,2021-06-15 01:21:23,-5.1347,-49.3267,73.06,95,17,0.36
515,Mazagao,BR,2021-06-15 01:21:23,-0.115,-51.2894,80.65,96,82,3.09
516,Mercedes,AR,2021-06-15 01:21:24,-34.6515,-59.4307,51.84,70,51,10.47
517,Maragogi,BR,2021-06-15 01:21:24,-9.0122,-35.2225,74.66,88,18,7.25
518,Prince Rupert,CA,2021-06-15 01:21:23,54.3161,-130.3201,62.69,69,75,9.22
519,Tilichiki,RU,2021-06-15 01:21:24,60.4667,166.1,53.83,60,18,8.59
520,Ola,RU,2021-06-15 01:21:25,59.5833,151.2833,48.87,77,4,14.65
521,Aqtobe,KZ,2021-06-15 01:21:25,50.2797,57.2072,60.89,48,0,2.24
522,Stromness,GB,2021-06-15 01:21:26,58.965,-3.296,48.45,73,100,18.99
523,Saltpond,GH,2021-06-15 01:21:26,5.2091,-1.0606,77.81,88,100,9.48
524,Lagoa,PT,2021-06-15 01:21:26,39.05,-27.9833,67.91,82,80,5.19
525,Derzhavinsk,KZ,2021-06-15 01:21:27,51.1,66.3167,69.84,43,9,4.76
526,Abnub,EG,2021-06-15 01:21:27,27.2696,31.1511,75.42,42,0,11.39
527,Port-Cartier,CA,2021-06-15 01:21:27,50.0334,-66.8654,46.74,96,100,4.88
528,Whitley Bay,GB,2021-06-15 01:21:28,55.0397,-1.4471,49.91,88,77,8.05
529,Marion,US,2021-06-15 01:18:15,39.7684,-86.1555,75.54,44,40,11.5
530,Seoul,KR,2021-06-15 01:20:00,37.5683,126.9778,72.91,88,90,4.61
531,Pacific Grove,US,2021-06-15 01:21:28,36.6177,-121.9166,78.75,68,1,7.0
532,Orica,HN,2021-06-15 01:21:29,14.7,-86.95,72.25,83,100,1.45
533,Iskateley,RU,2021-06-15 01:21:29,67.6803,53.1512,48.34,76,0,5.44
